lon,lat
147.0807548,-37.9671369
144.4446021,-37.6585113
143.8064559,-37.552431
145.9890504,-36.5485025
145.3638133,-38.0432476
144.997484,-37.9053964
144.7324937,-37.5801574
144.925397,-37.63818699999999
143.8879648,-37.6505742
145.1045236,-38.0199834
144.94402,-37.7205459
143.5804792,-38.3661859
145.2017785,-38.1488172
145.1926541,-38.1054959
145.2810141,-38.1072931
145.7086579,-37.1922518
145.1260735,-37.7033227
144.8257971,-37.8676827
144.8104432,-37.870943
144.844204,-37.865642
144.7813967,-37.870754
144.7820381,-37.8818541
145.0634214,-37.70397579999999
141.9507405,-36.7389747
142.931597,-37.2836413
142.9375151,-37.2835914
142.7431478,-37.5449126
147.1233541,-38.1054893
145.1490086,-37.6723963
144.4408261,-37.673962
145.1251898,-37.6924662
147.6193292,-37.822612
147.6012802,-37.8248716
147.4564062,-37.7998558
147.7219839,-37.9099623
144.2235331,-37.5986157
143.8671443,-37.5612747
143.8345668,-37.5754729
143.8310772,-37.54295159999999
143.871378,-37.5625232
143.8587201,-37.5502965
143.8400772,-37.5656361
143.8540249,-37.578023
143.8949911,-37.5518485
143.8696909,-37.5493923
143.8803873,-37.56928610000001
143.8510181,-37.5584153
143.8371122,-37.5380632
144.0591117,-38.1027985
144.1695756,-38.2440556
144.1802142,-38.4113131
144.2930147,-38.3497385
146.690902,-36.3629203
144.4664089,-38.1929794
144.3997524,-38.1658441
144.5279271,-38.2664433
144.6535247,-38.1152845
144.4692151,-38.1874252
144.5259264,-38.2608655
144.5614745,-38.1597278
144.5751983,-38.1486699
145.9761538,-36.558612
145.9721833,-36.5553339
144.2715758,-36.7638809
144.2943172,-36.758543
144.2827079,-36.7420088
144.2912079,-36.7727245
144.259219,-36.7742115
144.3075042,-36.7265192
144.2732758,-36.7546566
145.3164011,-37.9794547
145.325519,-38.02598
145.29402579999999,-38.0075996
145.2489258,-37.9700465
145.269988,-37.981089
145.2655036,-37.9663522
145.3190105,-38.0391403
145.3469929,-38.0514341
145.3004906,-38.0041606
145.3053423,-38.0389097
145.2732359,-37.9718605
145.315782,-38.0058114
145.2818256,-38.0024956
145.1926541,-37.6378502
145.347195,-38.0356891
145.3672795,-38.0457733
145.541738,-37.9514553
145.5696251,-38.0826786
145.478239,-38.075151
145.7200211,-38.0954037
145.6747494,-38.087271200000004
145.4150853,-37.9966356
145.4840534,-37.9349747
145.5625415,-38.2650652
145.1292015,-37.802375
145.1055187,-37.7999898
145.1166607,-37.8097514
145.1199308,-37.8388978
145.1235523,-37.8005392
145.1086908,-37.8423932
145.1069371,-37.8102915
145.1025561,-37.826836
145.5731768,-36.75234349999999
144.9985523,-37.9098055
145.0146762,-37.911474
144.9794432,-37.7860731
144.9968559,-37.9248194
145.0540888,-37.2035945
144.9641869,-37.6754985
144.9683393,-37.6950672
144.9122825,-37.7159793
144.8888205,-37.6888122
144.8889942,-37.6749935
144.9243889,-37.6484616
144.9426261,-37.7007933
144.9444499,-37.7715379
144.704564,-37.5771728
145.1511583,-38.1111466
144.7169641,-37.5701703
144.928188,-37.5929879
144.728607,-37.565369
144.9375574,-37.6065027
144.8863917,-37.6401323
144.9251533,-37.6037752
144.8934162,-37.6505724
145.1035755,-38.1886413
145.8553024,-38.1372073
145.7693724,-38.1105461
143.8682478,-37.6074677
145.0735874,-37.870005
145.0838178,-37.803579
145.0776153,-37.8061359
145.0741019,-37.7880647
145.0872875,-37.7864059
145.0756552,-37.7959928
145.0883862,-37.8578734
145.0886663,-37.854445
145.0814089,-37.858218
145.0729312,-37.8364133
145.0795254,-37.8422853
145.0784963,-37.8231084
145.0689476,-37.8103024
145.0893557,-37.8219585
145.0937427,-37.8335175
145.0673412,-37.815573
151.1702933,-33.8210717
144.216335,-37.0593728
144.2085973,-37.0768608
145.0445573,-37.8978285
145.0048616,-37.8746672
145.0746414,-37.902535
145.0430767,-37.7687083
143.3499386,-36.2696394
145.1029091,-38.0285256
145.1127765,-38.0395141
143.0768432,-38.3278093
145.1238835,-38.0677705
142.9783545,-38.4859921
145.6515844,-35.9186433
144.968799,-37.7300589
144.9600207,-37.7208656
144.9313965,-37.7473303
144.9425841,-37.7491226
144.9379982,-37.7374296
144.9460844,-37.736012
145.0391329,-37.8112469
144.9822882,-37.7353469
144.9664323,-37.7550832
144.220828,-35.8112562
144.3011451,-35.9065989
143.5959314,-38.3364748
143.5784879,-38.3352142
144.9815456,-37.4135411
144.3667443,-38.0727457
144.3275344,-38.1004474
144.3268618,-38.122236
144.410482,-38.0221762
144.3945664,-38.0216668
144.3426292,-38.08856979999999
144.3367414,-38.1061304
145.2515411,-38.0311846
145.1848011,-38.1529694
145.571072,-38.17775280000001
145.4945722,-38.198163
145.2353939,-38.2037463
145.2638814,-38.02904230000001
145.1758316,-38.1507693
145.1746967,-38.1111435
145.2734699,-38.0877667
145.2641809,-38.0322665
145.1814842,-38.1055138
145.2754053,-38.0442166
145.27958,-38.0816043
145.7070118,-38.3700164
146.7906707,-37.9821065
146.9763274,-37.9656685
147.071752,-37.843303
143.8907807,-37.4230767
145.2998783,-37.7903873
145.2784625,-37.7944288
145.2721497,-37.8108856
145.2487531,-37.7774011
145.3037332,-37.7804635
145.2942422,-37.8316862
145.2569769,-37.7741799
145.0666305,-37.88004
145.2203538,-37.9712286
145.2128547,-37.9639646
145.2079579,-37.996273
145.1961457,-37.9545231
145.2145027,-37.9560576
145.2191671,-37.9503387
144.1410347,-37.3437157
144.1334065,-37.3109066
144.9508024,-36.2486494
145.0718643,-37.6971718
145.1050622,-37.6954845
145.1030799,-37.7130733
145.1128207,-37.6995381
145.0986911,-37.7050656
145.1128207,-37.6995381
145.0852841,-37.6976258
145.0840346,-37.7080327
145.143753,-37.6984481
145.1364256,-37.6397409
145.0911871,-37.7170478
145.1137441,-37.6877771
144.5913977,-37.6783162
141.9879486,-36.1437311
145.0905949,-37.7654389
145.1030863,-37.777693
145.1135739,-37.7819086
145.1541929,-37.7948001
145.1597885,-37.7883594
145.1645553,-37.793899
145.1742069,-37.779685
145.1810978,-37.8002218
145.2146578,-37.7783806
145.1241984,-37.7564473
145.1337466,-37.7574194
145.1225605,-37.7696795
145.1151074,-37.7661204
145.2072314,-37.745309
145.0899494,-37.7707051
145.1090878,-37.7605082
145.089223,-37.779012
145.1676372,-37.7605776
145.1795318,-37.7616503
145.1855257,-37.7723723
145.177907,-37.7957451
142.585231,-36.46167459999999
142.469741,-36.6200152
142.631613,-36.6324112
144.2533831,-36.7258923
144.7459665,-36.1271472
144.7633808,-36.1345655
144.7532873,-36.1462263
145.1476008,-37.7151507
145.1121947,-37.7265206
145.1301255,-37.7247409
145.2399475,-37.6406142
145.1818868,-37.7031083
145.1584733,-37.7186162
145.133515,-37.7137655
145.1673784,-37.7080181
144.9234838,-37.7771347
144.9138303,-37.77441779999999
144.904608,-37.780715
144.8966547,-37.7569853
144.90205,-37.7570505
144.9195455,-37.7548346
144.921983,-37.7345848
144.907639,-37.7191492
144.9176092,-37.7390893
144.9322075,-37.7550438
145.0141651,-37.762346
144.9033186,-37.7391972
145.4436105,-36.0903633
144.966981,-37.7810909
144.9689923,-38.3366692
144.8207462,-38.3713241
144.7392942,-38.3413138
144.858516,-38.370495
145.0148484,-38.474426
145.010436,-38.3692711
144.9142603,-38.3687337
144.8703523,-37.8076249
144.8745187,-37.8129351
144.8701566,-37.8291524
148.4562649,-37.7071139
143.3541006,-38.6991533
145.1156427,-38.1833087
145.1317465,-38.1445117
145.1261665,-38.1624018
145.1280007,-38.1901156
145.1478337,-38.1073621
145.1297321,-38.104451
145.1635187,-38.1482629
141.5986629,-38.3457642
145.1573954,-38.1551547
145.1552416,-38.1644294
144.9427687,-37.836215
144.3804345,-38.1760214
144.3803654,-38.1681528
144.3727317,-38.1588449
144.3507551,-38.1390568
144.3251329,-38.1306542
144.3317319,-38.1292351
144.5651612,-37.4211051
144.5855817,-37.4763384
143.7265883,-36.1163966
142.0171144,-37.74622050000001
142.0104121,-37.7332012
142.0270741,-37.7545447
145.042617,-37.8241748
145.0223392,-37.8161474
145.0577313,-37.8585274
145.0534524,-37.8205794
145.1950699,-38.3084671
145.1254485,-38.3746999
145.1523718,-38.1974605
145.162225,-38.3929311
145.1906697,-38.2567857
145.1757973,-38.2238031
145.1767473,-38.3356586
145.5243928,-37.6543706
145.3710836,-37.6564812
145.5127604,-37.6595369
145.5317008,-37.6805595
145.1038771,-37.7267493
145.0743844,-37.7357495
145.0869428,-37.7330634
145.0697436,-37.7263586
145.0923718,-37.7414064
145.2303488,-37.816291
142.190939,-36.7142551
142.1818767,-36.7202114
144.6111019,-36.4947843
144.3213976,-36.7088845
142.3630951,-35.7301031
142.4223962,-35.9139682
144.8814168,-37.7233762
144.8683732,-37.7351283
144.8076126,-37.7319868
144.8579465,-37.7202685
144.8735326,-37.7493815
144.876775,-37.7009061
144.8547914,-37.7464085
144.7752796,-37.7315981
144.8237924,-37.7144127
144.8104216,-37.7226511
144.7632613,-37.70209500000001
145.0470459,-37.8105213
145.0513832,-37.8036536
145.0234371,-37.8050361
145.0604925,-37.7941523
145.0361629,-37.7961529
145.0117704,-37.9410164
145.0309136,-37.3587537
145.2951337,-37.8464119
145.25936,-37.8611741
145.2702315,-37.8866235
145.2686355,-37.868756
145.2972219,-37.8843935
145.2763549,-37.8752328
145.2888864,-37.8953009
145.2481488,-37.8890122
145.2634312,-37.8821642
145.3145651,-37.8564104
145.2710303,-37.85496390000001
145.2366672,-37.8556244
145.304824,-37.8551365
145.2324591,-37.8623774
145.220309,-37.89393
145.2436596,-37.8805604
145.2646266,-37.8933701
145.2228996,-37.8675374
145.3047129,-37.8472484
145.2564455,-37.9209707
145.0399744,-38.2242102
145.2478035,-37.9113988
145.2721097,-37.9101821
145.2419972,-37.9319626
143.8690008,-36.5740266
143.6096987,-36.4180933
144.3417446,-38.1742621
145.7649955,-38.3429507
141.4772226,-36.7185184
145.050763,-36.3147743
145.0437449,-36.3126204
145.3176459,-37.8059421
145.3404615,-37.7476425
145.338242,-37.809026
145.3277655,-37.7885314
145.331643,-37.7823878
145.3124051,-37.7803107
145.3116438,-37.7871339
145.3795193,-37.7848689
145.4277942,-37.7811478
145.3252794,-37.7732742
145.4577916,-37.7771189
145.38207,-37.7333647
145.3829668,-37.7899824
145.3269212,-37.7672328
146.9885112,-37.9687417
144.0680352,-36.9931869
145.0233557,-37.8572543
145.0513724,-37.8551399
145.0492935,-37.8730995
145.139334,-37.964489
145.0332753,-37.84606280000001
144.2431262,-36.7937996
144.2396867,-36.7973437
143.7318099,-37.0518408
143.7352735,-37.0392511
143.7353612,-37.0483491
144.9330987,-37.7839345
144.9532187,-37.803242
144.9858385,-37.8386616
144.7715666,-37.7626269
144.7641745,-37.7730398
144.5673094,-37.67649919999999
144.709693,-37.6209239
144.5801144,-37.6784201
144.6526973,-37.7280891
144.7393585,-37.6887765
142.1572676,-34.20337689999999
142.151807,-34.1981442
142.1545107,-34.1778925
142.0633276,-34.1667051
142.1289986,-34.211555
142.1909557,-34.3064634
141.5990323,-34.3879503
142.3573546,-34.4736299
142.0002724,-38.0342985
142.7497996,-38.4692728
146.2625033,-38.1696819
146.2928071,-38.1880518
146.2989337,-38.1769262
146.2502576,-38.1901409
145.0511599,-37.9736433
145.0454844,-37.922459
145.0604353,-37.915928
145.0667812,-37.9292811
145.0721823,-37.9231079
145.0682458,-37.9698778
145.0810445,-37.9631631
145.0466244,-37.9618218
145.0405094,-37.9115556
145.0866197,-37.9825327
145.055044,-37.9381214
145.0820312,-37.9356111
145.0301364,-37.9244086
145.107614,-37.943954
148.003261,-37.8734135
144.7597419,-36.5936829
145.050074,-37.983112
145.0666098,-37.9829607
145.0884164,-37.99217290000001
145.0753321,-37.9933588
145.0289696,-38.2727517
145.0536012,-38.2208727
144.9456929,-37.4804163
145.0342864,-38.2309989
145.0820379,-38.191845
145.0874337,-38.1856286
145.0571904,-38.2239171
145.020122,-38.26776479999999
145.1573522,-37.89423900000001
145.123372,-37.8640723
142.8081224,-38.081838
145.1662573,-37.9227038
146.4209736,-38.221308
146.3301767,-38.3204698
146.272516,-38.3815555
146.4337822,-38.2222192
146.424812,-38.320976
142.3448209,-37.6509344
142.2933031,-37.8771208
150.3143296,-33.6995341
146.361333,-38.1618283
146.1776255,-38.2876407
146.178407,-38.0723053
145.2025492,-36.0599314
144.9602492,-36.0162743
144.5305678,-37.3560351
144.3484493,-38.1564606
144.327077,-38.157227
145.0222531,-37.7717818
144.9936065,-37.7681186
145.011059,-37.753647
144.6185959,-37.8942952
144.7123315,-37.8587678
145.1522975,-37.8227042
145.1331515,-37.8078969
145.1534002,-37.817045
145.1481463,-37.8037361
145.1584574,-37.8127847
145.1421317,-37.8373904
145.1499665,-37.8504958
145.1763782,-37.84335470000001
145.1933888,-37.8096373
145.2084444,-37.8204681
145.1985861,-37.8207137
145.2096526,-37.8354241
145.1726534,-37.8591737
145.1559515,-37.8305983
145.20126870000001,-37.8540615
145.1941157,-37.8379755
145.1211004,-37.9098713
145.0777691,-37.8971865
145.1029539,-37.9126764
145.0534074,-37.6987066
145.1138389,-37.8981517
145.085456,-37.912932
145.0829791,-37.895151
145.05790820000001,-37.6644281
144.9972863,-37.6714288
146.587412,-36.505501
146.3796759,-36.5713193
141.6133349,-38.3624021
144.99309,-37.8436072
145.0091661,-37.8459921
145.019677,-37.841969
145.0136215,-37.8535785
145.0218119,-37.83761399999999
145.0084358,-37.8398705
145.0315315,-37.731638
145.0063251,-37.7040378
145.0174314,-37.7417214
145.0379249,-37.7158209
145.0010093,-37.716805
144.9919818,-37.7295621
144.8581325,-37.1239105
144.6568382,-38.266026
144.1588259,-37.081177
145.003907,-37.8234803
144.993428,-37.8198955
144.9997,-37.8110852
145.2550342,-37.829791
145.217813,-37.806379
145.2264279,-37.7957402
145.2587037,-37.8030802
145.2422937,-37.784812
144.3687527,-35.9576074
144.5377125,-36.2671526
145.1320072,-36.3739621
145.3596994,-36.3914112
145.235977,-36.438523000000004
145.3557989,-36.39528809999999
144.6755607,-37.4621094
144.733218,-37.278007
144.6762449,-37.4636011
146.5736031,-38.1265899
147.0868531,-38.1619189
146.4583856,-36.0567262
144.9893578,-37.8586764
144.9829122,-37.8537213
147.0737764,-38.1004515
147.0725439,-38.10215120000001
147.0651696,-38.1102047
147.0743267,-38.0929996
145.0311828,-37.9785747
145.0393683,-37.9910048
145.0163863,-37.972086
145.0131828,-37.9331177
145.0036661,-37.9389443
145.0183785,-37.94903499999999
145.0108983,-37.9509384
145.0271612,-37.9617078
143.8381372,-37.6043385
145.1415282,-37.0253006
145.3936575,-36.3617024
145.3963709,-36.3668266
145.4059255,-36.3669424
145.3549883,-37.9108542
145.3567562,-37.9282309
145.4430265,-37.9321882
145.3728918,-37.8853228
145.3439353,-37.9069408
145.3134635,-37.8937543
145.4065438,-37.9209246
145.3703328,-37.9140189
145.402401,-37.8938194
144.316254,-38.1719034
144.34078,-38.1852088
144.3295536,-38.2077868
144.3107479,-38.169115
144.3392216,-38.2076226
144.3348879,-38.1980383
144.9619369,-37.8498382
144.957047,-37.848357
144.9663033,-37.8344373
144.9577849,-37.8411748
145.1336604,-38.04331860000001
145.1334143,-37.9825249
145.1260001,-37.9844079
145.176887,-37.9535433
145.1437701,-37.9589483
145.1553902,-37.980979
145.1447471,-38.0784721
142.7695532,-37.0649881
144.3084218,-36.7726978
144.2855618,-36.79594770000001
144.5020075,-36.78695920000001
144.8204712,-37.7783475
144.892564,-37.769628
144.810438,-37.746961
144.8441427,-37.7871436
144.818159,-37.7904112
144.8259044,-37.7624193
144.8383885,-37.7762714
144.8250787,-37.79732020000001
144.8731434,-37.7822634
144.8044098,-37.7521098
144.8186458,-37.7972086
144.7734553,-37.7444901
144.762656,-37.75275
144.8058913,-37.76106040000001
144.8012514,-37.783302
143.5492917,-35.3461578
143.5462122,-35.3346611
142.8653873,-34.9806852
143.3442039,-35.18645
143.4520745,-35.2909143
143.7030933,-37.171365
143.7890272,-37.2972523
147.8318255,-37.7057853
145.0681812,-37.9893331
147.8592629,-37.82359659999999
146.515412,-38.1961389
146.5271631,-38.1884318
146.5253462,-38.2040998
146.531388,-38.1948764
146.5556063,-38.2068942
146.5528661,-38.1862532
147.9034293,-36.1952832
145.7185622,-37.7501885
145.6110116,-37.7820624
145.5269825,-37.7771636
145.563717,-37.7827178
145.6312829,-37.7939326
142.3145543,-35.0687324
146.3261249,-36.3583977
146.3114634,-36.3570216
146.3163934,-36.3721148
146.2984418,-36.3536113
144.3162869,-38.0984759
141.6936179,-37.6003807
145.014913,-36.5880991
145.2203269,-36.6202573
144.9846461,-36.4465818
141.2995592,-37.0368043
145.945623,-38.16097
145.9372067,-38.1592648
142.4391286,-38.3572604
142.4677583,-38.3652269
142.4858159,-38.3787943
142.5045848,-38.3930561
142.4963146,-38.3866133
142.4710726,-38.3953488
142.5982909,-38.3859316
142.5576454,-38.3020155
142.5062752,-38.3632225
145.1069369,-37.8601832
145.1829461,-37.8835974
145.175315,-37.8974305
145.1758378,-37.8700434
145.164204,-37.8690853
145.1522502,-37.8872108
145.1486637,-37.8742744
145.1497612,-37.8609048
145.1348688,-37.8698495
145.1275985,-37.87883
145.1405072,-37.8892985
145.1647226,-37.9046134
145.1728271,-37.9275548
142.8334082,-37.7245567
145.1746239,-37.9123861
145.1164872,-37.8891566
145.1881545,-37.8684439
145.1848184,-37.9138621
145.1939267,-37.9032127
145.1559507,-37.8745786
144.7734248,-37.851047199999996
144.6589255,-37.9102637
144.6234885,-37.8931845
144.6881434,-37.882857
144.6470741,-37.89500779999999
144.5009716,-37.9629752
144.6584276,-37.88667890000001
144.6950903,-37.8719243
144.6753914,-37.8853043
144.6661058,-37.9069319
144.7680255,-37.871222
144.6676865,-37.8668812
145.0260633,-37.6416385
145.0303361,-37.6761962
144.9986421,-37.6821833
145.1190045,-37.5082718
145.0401649,-37.6500859
144.9968989,-37.6776979
145.0361006,-37.6687728
145.0892766,-37.651997
145.066932,-37.6742291
145.0065601,-37.6643134
145.0478962,-37.6675019
145.0765814,-37.670865
145.0438683,-37.64292
145.0676427,-37.6584945
145.0589419,-37.6429631
145.055895,-37.6581667
144.8880468,-37.84114570000001
144.895752,-37.8589633
143.781873,-38.33642
143.9892331,-38.2428164
143.9768821,-38.5446296
146.8851909,-36.1216749
146.9039388,-36.1282467
146.8554583,-36.1235074
146.9471042,-36.1798834
146.8635275,-36.1358052
146.0133609,-38.5784523
145.9519996,-38.4782325
142.8529933,-35.5036804
144.0476675,-38.0286468
145.5593994,-36.2258724
144.0498604,-37.554868
143.7296492,-36.8600374
143.6547209,-37.6710719
143.8187758,-37.5805596
143.719662,-37.5881341
145.6862017,-36.3274749
145.4380992,-36.2388629
146.2078232,-36.4618991
146.5391249,-38.2969453
146.4800378,-38.148781
142.0395354,-37.5293019
144.0605051,-37.1065837
144.1298768,-35.6350619
145.0899606,-38.1725835
145.2513202,-37.8038715
145.0625699,-37.8802482
145.114291,-38.2508146
145.0654028,-37.8607384
145.0362033,-37.7803056
145.052223,-37.8636488
145.1134608,-38.1729877
144.7369793,-37.734064
144.3360834,-38.1532156
145.0927811,-38.2014611
145.21484,-37.8801772
145.5456819,-38.0965433
144.3480389,-38.14755
145.0409746,-37.8994361
145.0092522,-37.8897973
145.0068417,-37.9313437
145.2193613,-37.8656263
145.0538471,-37.8608512
145.0799202,-37.8301997
145.0460215,-37.76653
145.0354326,-37.8098468
145.290327,-38.046192
145.3517823,-38.0299457
144.9148193,-37.759751
145.0380977,-37.9472771
145.2549908,-37.7887042
145.0434369,-37.7748632
145.8762405,-36.1641743
144.9955647,-37.8462678
143.7222517,-37.9030862
145.0522661,-37.8158036
144.9858387,-37.8309259
145.2205351,-36.2766869
145.3009741,-38.069405
145.6855405,-36.0775391
145.9398302,-38.47555759999999
141.9975679,-35.8982629
145.093923,-37.6546291
144.7359409,-37.746532
144.7589265,-37.8860186
144.5741283,-37.7066576
145.4105009,-36.393089
144.1429181,-36.3712585
145.0118781,-37.8054092
145.9069977,-37.2343523
144.7908967,-37.7110839
145.06118180000001,-37.8164472
145.1533051,-37.670245
145.3212717,-38.0149013
146.5188669,-38.1829191
145.1429856,-38.0010828
146.0843063,-37.0611257
142.0341005,-37.7281139
145.150404,-37.971114
145.371817,-38.5245134
144.9280713,-37.7197617
145.190604,-37.899572
145.0001925,-37.89135
146.3877344,-38.2392913
144.8467692,-37.8327745
145.007638,-37.9285706
144.9538913,-37.2971791
144.9187372,-37.5754425
145.3337913,-38.0475695
144.2792551,-38.2634943
145.2689752,-37.7399816
144.3976688,-38.03164719999999
142.2084259,-36.7264269
146.8696582,-36.12992330000001
145.3806865,-38.0527523
145.0201865,-37.8869615
145.0211337,-37.6707245
145.2141616,-37.72930460000001
146.0149594,-36.013169
145.0486485,-37.839845
144.5985721,-37.45328480000001
145.2137948,-37.6913381
144.6763307,-37.8607356
144.7478117,-37.8963699
145.0333924,-37.0012432
145.4105922,-36.4020021
145.0697557,-37.9340756
141.826461,-37.2407004
145.0489499,-38.2465216
145.3809459,-38.2140872
145.0787159,-37.630309
144.3269045,-38.1092688
151.7132856,-33.0100806
145.456464,-38.0638018
145.1175327,-37.9278452
145.147023,-37.938729
145.2497028,-38.0544899
145.9436378,-38.154716
145.9300011,-38.1477958
147.067899,-38.1127613
144.3146475,-38.3220347
144.9228,-37.617201
145.8955604,-38.1345084
143.861618,-37.6409339
144.3934117,-38.1895549
142.3881627,-36.2580068
142.9399255,-37.2743239
147.6198682,-37.809522
145.2772482,-38.0334233
145.3474217,-38.0659222
144.6962911,-37.8356464
146.422094,-38.3132533
144.8252172,-37.7303662
144.7522317,-37.7228068
145.1373305,-37.8777667
141.241626,-36.3784535
144.7358163,-37.8819659
152.8926357,-29.8275223
145.0814281,-37.8152605
145.269889,-38.077254
143.8209862,-37.528065
144.7391158,-37.7115451
145.1743652,-38.2981235
145.3213385,-37.757724
145.3837129,-37.7758316
145.3236016,-37.8021609
144.7439347,-37.3550177
145.4808791,-35.9253138
145.4751589,-37.914504
145.0618492,-37.7709532
144.9653331,-37.7718593
145.004325,-37.788972
142.4845211,-38.3797211
144.9525152,-37.7575352
145.1218067,-38.1544125
145.2075255,-38.3694985
145.4857199,-38.0668552
145.1518036,-38.1384954
145.0400142,-37.7780704
144.2622763,-36.7465758
145.1620309,-37.9669562
145.1607372,-37.9931396
145.1672376,-37.9814128
142.1570811,-34.1902184
145.0911222,-37.5938748
145.0797873,-37.9276755
141.6283773,-38.1306239
145.065464,-37.9907214
152.8509116,-30.6476395
146.0887187,-37.0545608
146.9308464,-36.0757523
146.0822365,-38.6917199
145.3827192,-37.731927
144.8925924,-37.8203133
144.9525539,-37.73599979999999
145.1395569,-37.6883267
144.9253959,-37.5787751
145.1797281,-37.8263232
144.9758616,-36.3981505
145.088723,-37.8950748
145.301642,-38.1063552
144.6763307,-37.8607356
145.1723034,-37.8215038
145.9555459,-38.01699869999999
144.1140369,-36.0503421
145.0672146,-37.9591133
143.2089398,-38.4989753
144.6810255,-37.8800493
144.9302996,-37.6620923
145.49849,-38.0720298
-83.4720532,41.6071044
150.4486628,-34.4553165
150.9795063,-34.1927789
151.0692541,-33.7550113
145.0053553,-37.8687577
NA,NA
150.9103307,-34.368063
145.0333614,-37.6575193
147.1774712,-36.7349731
-1.987248,50.71505
146.3252267,-38.6640032
146.4365352,-38.6651196
146.8791671,-36.1232826
144.3301567,-38.1390415
145.2915717,-37.3169316
NA,NA
145.3428254,-37.8095577
NA,NA
143.6304487,-35.4638882
145.1672525,-37.807507
145.1386612,-37.6844338
145.3380577,-37.78573859999999
144.9413745,-37.70721229999999
NA,NA
145.2643893,-38.0335591
NA,NA
144.7296192,-37.8621825
144.5534186,-37.6753201
144.9904085,-37.9092946
144.5772437,-37.686479
145.1589261,-37.8392377
144.5464173,-37.667556
144.7543061,-37.7351552
142.1649586,-34.1877735
144.2595464,-36.7205622
141.5942251,-38.34112880000001
145.1442317,-37.7817067
145.021715,-37.8926569
145.0053782,-37.8842525
145.4097008,-37.876004
146.7019858,-38.2942882
145.1259242,-37.58677369999999
145.2563398,-37.8154658
145.3605042,-37.8276273
145.1639043,-37.8493503
146.8461991,-36.3060722
145.0144173,-37.6963698
144.8737329,-37.7870503
146.8941777,-36.1396978
145.1755944,-37.98803640000001
145.1853843,-37.9882751
144.9289237,-37.6878362
143.6333267,-37.3553232
145.3225575,-37.9169205
145.8480373,-38.1351204
145.0624563,-37.7574376
NA,NA
145.2760461,-38.1045892
144.928653,-37.6796184
145.1988364,-37.9332919
145.3542535,-37.8624493
145.1923568,-38.16263379999999
145.2899574,-37.8582863
145.285262,-37.808677
145.2904411,-37.7714647
145.2482351,-37.7923017
145.2617115,-37.8229966
145.3002022,-37.8294467
151.3758045,-32.8462495
150.8903883,-32.1675913
151.7150777,-32.9462996
151.6589485,-30.5061255
146.9199589,-36.0696912
142.2264174,-34.1796272
150.7606016,-34.5726916
151.1689826,-33.8856396
150.9430294,-33.9450348
151.0652352,-33.7465631
151.6610145,-30.514193
151.14476,-33.931233
151.0823915,-33.9841005
150.8970603,-33.9167204
150.8127507,-33.9294182
151.1778751,-33.8956124
151.6463172,-32.9293416
151.2072277,-33.9533864
150.9857182,-33.9130174
151.0389709,-33.9314276
143.3749915,-31.5584955
150.6111372,-30.3766348
151.0060266,-33.9054413
150.1889888,-35.701622
151.3228678,-32.8544237
146.8996482,-34.3571322
152.8953562,-30.4564821
151.6711111,-33.020505
151.2665436,-33.7866726
151.0312615,-33.8682881
150.6921987,-34.7745466
151.0307157,-33.8527367
150.8252744,-33.734047
153.4680896,-28.2230627
151.7596852,-32.9220938
150.5719332,-29.8702789
153.561685,-28.8613269
153.5646817,-28.8726358
149.379055,-31.5506486
151.0477495,-33.7429653
145.5689435,-35.6413929
151.1772536,-33.8533571
152.0855963,-32.7847916
151.5825127,-32.9950927
150.2877006,-33.635907
147.211364,-33.91928
149.2509286,-33.5271532
150.6060604,-34.8499944
150.8916476,-33.8896688
151.6197226,-32.9542513
151.6961579,-30.48819839999999
150.5940191,-34.8934711
150.9960396,-33.7661366
151.2613796,-33.7529158
150.8127411,-34.0849521
149.8037732,-35.4417107
151.3511198,-32.6571532
153.0920686,-30.2804998
149.8381605,-36.6821877
150.8253999,-34.087813
151.1484211,-30.885718
153.1471402,-28.7923641
151.4388278,-33.3514705
151.1244134,-33.9548889
151.1888675,-33.8777182
151.1672517,-33.8153087
151.1456153,-34.0840589
149.445918,-35.2521752
148.9639017,-30.1012553
146.7284488,-35.8942498
150.8734219,-33.9052002
153.6032018,-28.6855409
NA,NA
150.286739,-33.6378873
151.1019479,-33.8771517
150.7893226,-33.7965981
-84.11501349999999,35.9469893
149.2443961,-36.9099235
150.7126775,-34.0546844
143.5247032,-38.2653972
150.8208123,-34.0641161
144.7710027,-37.7180352
150.8040589,-33.7412044
151.1196351,-33.9002931
148.3868652,-30.9594734
151.0487079,-33.7820818
153.0443083,-28.8625166
151.0094467,-33.73846109999999
150.8973305,-33.9486687
150.7645732,-33.9927267
150.9271088,-33.7060186
153.6163708,-28.6460073
149.1145219,-36.2327996
153.0893121,-28.5929126
150.301258,-34.6549149
151.074232,-30.17054989999999
152.8109898,-28.4127004
151.7706007,-32.9304085
151.0405605,-33.7270895
NA,NA
151.1260973,-33.8307559
151.1793212,-33.7197189
145.1227426,-37.600073
151.2158575,-33.8332807
151.7778122,-32.5862207
150.8079145,-34.0433003
153.4040433,-28.7299305
145.8833024,-34.8076585
150.7776074,-33.8014264
151.0885504,-33.836821
149.7175757,-31.825852
152.7765265,-29.5874704
151.2191918,-33.7997933
150.8310443,-34.4427574
146.3866759,-35.9952199
151.6404999,-33.1065751
151.1494682,-34.0665044
151.067893,-34.003153
151.0500599,-33.9057692
148.7540295,-32.9297545
144.7515201,-37.7008468
150.8150767,-33.7465391
148.9438373,-37.0434657
151.1947153,-33.7787774
151.2213433,-33.7602469
150.8692499,-33.7621616
150.8797619,-33.7664592
151.6583804,-30.5019319
145.2884437,-38.0604806
152.4901859,-31.4377713
151.2860339,-33.7314383
149.3933928,-32.016902
151.7584976,-32.4057826
153.4798221,-28.5412521
152.4688184,-31.6046591
151.119782,-33.927963
151.1854984,-33.7667528
153.2951564,-28.8293545
150.8522773,-33.7837571
147.202865,-34.8130556
149.1297541,-36.2186228
149.8983177,-37.0621352
151.4578334,-33.074539
148.0191422,-34.643175
153.288278,-28.9888832
151.617004,-32.9259395
151.62395,-32.9141824
151.2805184,-33.6966744
149.5797036,-33.416434
152.971187,-31.1885228
151.1578572,-33.8729229
151.0585757,-33.8128351
145.4012972,-36.4016861
152.8697437,-30.8333598
152.812687,-31.0613228
142.7428194,-34.5766688
153.4306655,-29.113378
151.4133174,-33.4359891
150.9556046,-33.8673339
150.8929721,-34.3936798
152.7122964,-30.3429779
151.1523762,-33.8515816
148.6175243,-32.2535694
148.5858785,-32.2470664
151.6930296,-32.9795166
153.316001,-28.6831502
151.5868388,-32.7583986
151.587217,-32.751076
151.1276025,-33.8668642
151.2133797,-33.7622109
151.1330604,-33.9518692
151.6651667,-32.9177102
146.858543,-29.9660088
147.0413697,-34.7960945
151.0031563,-34.0576069
151.0155386,-34.0650361
152.9759265,-30.6568383
148.6689371,-31.7045675
152.4666615,-31.9405885
151.6867575,-33.0168525
151.7237899,-29.73849689999999
150.8542576,-33.7419302
147.4538751,-29.11573409999999
153.3206692,-28.8202709
151.5014494,-33.2597091
151.3580016,-33.4329039
149.7099578,-34.7449119
151.1114008,-33.8046558
151.0056149,-33.8337521
153.132443,-30.29466919999999
150.7100122,-33.7127325
151.080698,-34.058687
151.0565514,-33.9092542
151.3883474,-32.677953
146.0726943,-34.2768162
149.5320554,-32.3628262
144.9625388,-35.5337968
145.8326271,-31.5026719
152.9417846,-29.6931185
151.2187592,-33.7582163
150.4208625,-34.4790191
150.2503836,-30.9840254
150.2540029,-30.98151429999999
151.0834782,-34.0343388
142.0470739,-34.0954953
151.7440257,-32.9211341
151.2196016,-33.6887585
150.4275062,-34.4556989
150.9685148,-33.8080079
150.9094044,-33.8913346
151.2704739,-33.8613519
152.9775783,-30.0531367
151.0096983,-34.073108
151.1532916,-33.753662
151.7384497,-32.9406838
149.8363563,-29.4799426
NA,NA
151.1637382,-33.7752989
151.1774632,-33.87411549999999
NA,NA
146.0462181,-34.2832112
150.9538709,-33.9590078
153.4604649,-28.4410247
146.6373617,-35.9819964
151.1470186,-33.8346236
148.1048096,-35.0629516
151.0953626,-29.3213892
151.5127119,-30.5034495
151.0268716,-34.0143578
151.7565566,-32.7586793
151.1254927,-34.0452634
152.9381297,-29.7148015
150.1390527,-33.4952797
151.116222,-29.7761012
150.7767754,-34.6486774
144.8513018,-34.5037899
151.0636285,-34.0187905
151.2052774,-33.7955857
147.0317178,-35.518485
151.6963185,-32.9018906
151.0244394,-33.7520558
NA,NA
151.1960838,-33.942651
150.8337448,-34.0802161
153.0366234,-28.8535976
151.7205012,-32.922608
147.585099,-34.8694746
150.8017734,-33.7475398
150.5318944,-34.7359408
147.3019022,-35.1526924
149.2329998,-35.3728771
151.5983862,-32.7686999
151.2763503,-33.7478182
150.3197318,-33.714655
153.35368,-29.4004118
151.1472699,-33.886426
NA,NA
150.8934671,-34.4892834
150.9534391,-33.8067866
151.0741795,-33.8671938
151.0065214,-33.6609454
149.8360034,-29.473721
152.9366356,-29.6878028
151.0191411,-33.9343619
149.4438704,-35.5941558
151.4492329,-33.3621756
152.7506924,-30.4991911
151.3818464,-33.4667659
152.1598911,-32.7158728
151.9626275,-32.6556098
151.110867,-29.774815
150.8651382,-34.4143555
150.960648,-33.7138187
150.8474171,-34.67920429999999
NA,NA
151.5877402,-32.7498419
153.5677695,-28.2455441
150.712036,-33.7684964
151.2147143,-33.6860661
150.8000931,-34.5663965
150.8004026,-34.4975153
151.0761358,-33.9213915
151.0858493,-33.9276883
151.3212231,-33.6329046
151.7071016,-32.9488741
151.146009,-33.6146742
151.2416884,-33.78366010000001
150.8239367,-34.0902608
150.9103845,-34.3370796
151.0976792,-33.8831243
151.2168407,-33.8230887
151.2149656,-33.8047071
151.1828147,-33.7988401
151.1743448,-33.8049107
150.9133497,-34.3764526
151.1179513,-33.8836893
151.1560454,-33.9078268
150.3740963,-34.5505797
151.0814815,-33.7930136
151.1057103,-33.7307248
151.0453098,-33.6490936
150.9833539,-33.9123703
151.2093563,-33.8311669
151.188435,-33.8292258
151.0985437,-33.6781485
150.8805179,-34.4174194
151.0058148,-34.0868111
150.824429,-33.7484221
NA,NA
151.0780675,-33.7752266
151.2148571,-33.8867326
147.3748019,-35.1494828
151.1712037,-33.75939839999999
151.2176308,-33.774454
147.3542785,-35.1333618
NA,NA
147.359737,-35.1227761
150.8952424,-33.9936459
151.7503299,-32.9427549
151.2380736,-33.8284953
151.3217956,-33.6601421
151.1282602,-33.7992948
151.1758848,-33.8226876
151.0390846,-33.955533
150.7195753,-33.7618152
151.2354492,-33.9818812
151.2293887,-33.8843587
151.1745952,-33.8612774
151.2403449,-33.9110892
151.22820720000001,-33.8743615
151.1113992,-33.7497554
151.1679261,-33.7442429
150.9595737,-33.7431479
151.1162001,-33.7159851
150.9763975,-33.8050115
151.1346305,-33.7621103
150.9824218,-33.8167997
151.6849896,-32.9997508
150.9547486,-34.2787017
151.0259469,-33.9079697
153.2514974,-28.468793
151.2114508,-34.0110192
153.0089929,-28.6153703
150.9326885,-33.7614627
150.9321036,-33.7576895
150.6343607,-33.7719977
153.0991403,-29.4915957
150.4312359,-33.7192456
146.3917098,-34.5559897
153.5913771,-28.79409309999999
144.7854401,-37.7060383
151.1480354,-33.7775537
153.2851179,-28.8138166
153.1215017,-30.280582
151.4828306,-32.81723
151.0823915,-33.7202393
151.0547569,-33.9726832
150.907169,-33.9265899
146.7173174,-35.2288754
NA,NA
151.4920882,-33.3557245
153.5488457,-28.5582504
151.0133212,-33.701356
151.6011017,-32.73681510000001
153.2805903,-28.8059719
150.8931023,-33.9319075
151.1039812,-34.0459165
150.6095044,-34.8834217
150.6914039,-34.0842
151.6554962,-32.9568805
150.8061848,-33.759097
NA,NA
NA,NA
150.8995117,-33.7458282
150.897,-33.7533299
150.9460853,-33.8601487
151.1930244,-33.929232
144.8970893,-35.8155167
151.2394948,-33.9573716
151.0710859,-34.0130095
151.879929,-32.738829
151.8773183,-32.7447604
150.3540226,-32.1416323
150.8832441,-33.9211196
151.6032426,-32.7645032
151.6756333,-30.530066
151.076839,-33.9744783
151.0978612,-34.0291388
153.0777214,-30.1502766
152.943804,-31.02071969999999
151.5675226,-33.2382354
144.7576125,-36.106285
150.1431462,-35.7820103
153.2177151,-29.4622791
151.2638466,-33.89315880000001
149.8382738,-29.453992
146.9297262,-36.053215
150.7309454,-30.7506227
NA,NA
150.069422,-35.9113216
144.0374337,-35.090039
150.8142701,-33.7610464
150.0034779,-34.7138957
153.3436443,-28.3922555
150.8446243,-34.553748
149.5859334,-32.6033376
151.7303446,-32.8884506
150.1245608,-36.2170824
146.0056231,-35.9884536
149.0294553,-34.96768
149.1254844,-31.8220232
142.4176209,-32.3920532
153.000858,-30.6437305
148.9535004,-32.547206
151.1488265,-33.7829434
151.0729512,-33.9493491
151.6060313,-33.1348309
151.0886702,-33.7211207
138.5220715,-35.0052318
151.0937433,-33.7581466
151.0088861,-33.7857974
150.7842613,-33.7553723
151.209792,-33.8108917
151.137111,-33.7347229
151.1164495,-33.6894918
151.1280774,-31.4614474
150.8175553,-34.5623469
153.5339994,-28.4964984
152.5853649,-31.9680445
150.9866276,-33.8676019
149.7127185,-34.7532693
151.1586474,-33.8722957
149.1135152,-33.2945058
150.9539391,-33.81853359999999
150.7838074,-33.7696449
151.3189672,-33.6026235
146.3727176,-33.2152495
150.8344745,-31.7631288
153.3934701,-28.3262327
151.3493918,-33.4043812
151.5761275,-32.602456
151.1561592,-33.9071969
148.1939433,-32.7264872
151.2924955,-33.70894
150.9540117,-33.8067076
151.0723858,-33.736243
153.5846356,-28.6324123
149.2854007,-36.5143214
150.9210983,-31.1075113
150.8685298,-34.4359165
151.107957,-33.718059
150.0705944,-33.4086057
151.1077808,-33.8014048
150.6077692,-34.8832477
-0.2437788,51.6043677
151.2197614,-33.8725234
151.2094229,-33.8950071
NA,NA
151.066747,-33.934724
152.9120877,-31.4336463
152.9076519,-31.4455832
152.7454356,-30.4282614
151.6776173,-32.8987201
153.4367334,-28.3057461
153.5656729,-28.4035128
149.8840726,-36.9338839
151.350778,-33.5263317
151.0563915,-33.9308492
151.1411844,-33.7227372
150.8856276,-33.7259277
150.682896,-31.4995421
150.7223894,-33.7361346
150.5910917,-34.22736039999999
141.4530477,-31.9847532
150.609231,-34.1844937
151.2277482,-33.8330857
150.7509186,-33.5988537
151.0298769,-33.767865
151.0298769,-33.767865
151.0298769,-33.767865
151.1370882,-33.841331
150.8669687,-33.6790894
151.0473632,-33.9471359
149.5382033,-36.9457463
153.3867441,-28.6809713
151.0170901,-33.8235372
153.3920989,-28.3252316
150.7710771,-33.9462867
151.1702211,-33.8629688
151.0549806,-33.808267
151.0408069,-33.8122174
149.9761233,-32.8551459
150.8922013,-33.9164893
151.1387328,-33.9992637
150.8514635,-34.0277111
150.8750323,-32.046834
NA,NA
NA,NA
151.7251611,-32.662361
151.0095441,-33.8895076
151.2650081,-33.7975748
-123.14201,49.151908
153.3446879,-28.7887418
150.5962859,-34.8699085
151.2067359,-33.8101629
151.1599532,-32.5494522
151.1740261,-32.5673761
150.9350807,-33.8527106
151.2470313,-33.9303614
151.1051223,-33.9789174
146.9357319,-36.044486
153.0646832,-30.8908828
146.9522709,-36.0327847
150.5739124,-33.7027192
145.4711973,-38.0824854
151.1396818,-33.8535418
150.9867593,-33.8402647
150.8545301,-34.4273185
151.1009769,-33.7935534
151.0979097,-33.7817297
151.1642161,-33.7248342
151.264917,-33.8088741
150.8994899,-33.8858939
150.1942062,-35.7341677
149.473867,-34.4585694
151.1275148,-33.8822433
147.3562057,-35.1163161
150.7972857,-34.4940339
151.1538219,-33.9605545
151.2170746,-33.8105558
151.2369065,-33.8747866
151.105487,-33.9796649
151.1442794,-33.9086797
150.7749592,-33.7715204
150.9247839,-31.0792303
150.7702963,-33.7699738
147.3778716,-35.0949707
151.656104,-30.507671
150.9183262,-31.1105852
151.0931484,-33.7231866
151.2819946,-33.8744376
151.780891,-32.911302
151.9686062,-32.406847
150.8309599,-33.5303859
152.8284442,-31.0909756
151.0270745,-33.7474677
151.0635569,-34.0328677
150.9318704,-31.0855279
150.6970417,-33.7750979
152.4621102,-31.8893616
149.9776847,-36.7345166
151.532879,-32.7258464
147.5411823,-34.44435350000001
152.0247398,-29.0539985
NA,NA
151.2289506,-33.6821582
150.9084188,-33.9398084
153.2801679,-28.67354379999999
153.04479130000001,-28.8605795
151.491402,-33.349327
151.4928666,-33.3468201
151.2471764,-33.7837516
NA,NA
151.2068292,-33.7394213
151.2059533,-33.8340446
151.0974061,-33.7114277
151.2367154,-33.8277269
151.2436911,-33.9069896
150.770972,-34.4702089
151.235159,-33.818452
152.9913094,-30.81922
151.0724572,-34.0017225
153.1830318,-28.6839946
150.8759061,-34.4232996
145.0141821,-37.9218264
149.6530664,-35.0837322
146.9839651,-36.0480184
152.1771429,-32.6715849
145.5707467,-35.8152997
150.7556292,-34.556587
143.3381995,-35.0309433
148.9107454,-31.4393417
151.1325331,-33.8056876
151.5510479,-33.2679753
151.2190428,-33.7227121
151.2856206,-33.6768125
150.796392,-33.7433765
150.9905152,-33.7441715
148.2215324,-35.3080733
153.2754113,-28.5787167
153.5416613,-28.1757735
151.1044362,-33.8756851
152.8988763,-30.211107
151.0005721,-33.7311971
147.2519333,-35.192561
153.0213869,-30.4963158
150.9878141,-33.8917564
151.6471604,-32.6963571
151.5782744,-33.0691558
149.2313941,-35.3675755
151.7196204,-32.9070222
150.6053567,-33.8896907
151.214125,-29.958235
147.8341897,-31.70149199999999
-73.8990099,40.9279149
152.7312173,-31.4690535
149.4509256,-30.22385779999999
148.9552763,-32.5603715
153.0911606,-30.3549471
141.9155548,-34.1094387
151.5490974,-33.2703376
NA,NA
NA,NA
146.8973753,-36.0769963
149.547098,-33.404316
151.0632829,-33.7719112
149.0706812,-33.276788
151.4576463,-32.8158934
150.810746,-33.7519921
150.6698275,-31.669353
151.6791599,-32.99264530000001
150.801923,-33.6204081
151.6601675,-33.0231265
150.608163,-33.669712
NA,NA
151.1216829,-34.0356941
151.1136282,-33.9519731
152.5039298,-30.8160683
151.5040353,-30.6437334
153.419616,-28.824273
153.0061198,-30.5923342
152.6107994,-28.3903178
151.3282384,-33.4948317
150.6151543,-33.7208454
144.3948326,-35.4666528
151.4292793,-33.2850408
153.3501886,-29.4387799
153.5304578,-28.2150413
148.9153267,-34.8460579
151.0555222,-33.7939208
146.1943912,-34.250488
148.6482817,-32.7526521
150.5712531,-29.54470929999999
150.8584,-34.5544751
148.3058509,-34.3084566
152.923742,-29.67279
153.3887438,-28.5554462
152.367433,-31.867251
150.8932411,-34.4273505
151.2464477,-33.8749113
150.8972277,-33.7223506
141.462813,-31.9825449
150.3619123,-28.6147415
141.4540244,-31.9513899
153.0477351,-28.8676928
153.0379002,-28.8555081
146.9479363,-36.0501467
151.0957838,-33.9642556
152.4624456,-31.8898337
144.7633521,-36.1147051
148.9906812,-28.9802043
149.7636924,-30.3435974
147.3477508,-35.1463809
153.5397063,-28.1949309
148.1216945,-30.0200788
148.9423726,-32.5554421
150.9015112,-33.7913049
153.577072,-28.256891
144.9098317,-37.5905142
147.3607674,-35.1156739
144.6052972,-37.8759416
145.4706404,-38.0732588
145.1492627,-38.049101
151.2902508,-33.7412371
145.4058951,-36.3895761
145.5871524,-38.6093165
145.5934642,-38.5945212
145.7274092,-38.6306587
144.9208392,-37.6991225
145.0984259,-37.7619336
145.1666453,-38.1415157
145.411157,-38.053524
-81.7485557,32.4301298
145.13128939999999,-37.7870472
145.260327,-38.090318
-81.63459999999999,38.351234
NA,NA
150.8175553,-33.9474288
150.843355,-33.7686642
153.0133529,-30.288815
145.0548933,-37.8900946
NA,NA
151.681473,-32.9026841
144.7288648,-37.8989627
145.368014,-37.797463
148.0638439,-35.3103993
145.2947738,-38.0867416
145.2588117,-38.00063
NA,NA
144.9838263,-37.8876745
145.3451107,-37.9199765
150.6498833,-31.351145
144.7980778,-37.7194913
73.93368079999999,18.5372753
145.354056,-37.7546645
145.253389,-38.0731335
145.4074304,-37.9209103
145.2243642,-37.8654378
NA,NA
150.5532355,-34.9317451
NA,NA
150.6657319,-33.7813657
147.1312452,-36.672814
-79.80449569999999,43.1208326
-82.553596,35.589289
174.7644881,-36.85088270000001
-71.89367399999999,45.4042669
NA,NA
NA,NA
153.5332684,-28.1942166
145.5086618,-38.0636904
145.1149036,-37.9410394
144.9974416,-37.7771657
145.0849843,-37.8273458
151.1780352,-33.9127868
153.2929692,-28.8305872
142.9256355,-37.2892424
143.8191999,-37.5523315
144.9417672,-37.6694712
145.2385744,-37.9877788
145.401663,-38.067906
144.1357463,-36.7357002
144.9645608,-37.7162152
151.0511355,-31.0556569
145.9366262,-30.0959998
151.1843686,-33.9224772
145.0105436,-37.6653838
145.1791229,-38.2241439
145.0558839,-37.8087014
NA,NA
144.9250964,-37.7046978
147.1484072,-33.0872821
144.9417672,-37.6694712
149.0646819,-30.9459174
151.333919,-33.6310089
144.678796,-37.83750610000001
146.9119998,-36.0583553
151.001139,-33.8848034
147.1890699,-31.5597166
146.0608442,-38.2093029
147.6288315,-37.8297088
151.6459294,-32.8727974
143.4693699,-37.0907571
144.6752374,-37.8382865
144.9082409,-37.7053265
145.3677604,-38.0855909
144.7406458,-37.907269
144.8574708,-37.7843688
145.4419685,-38.0767525
145.1510573,-37.8393891
145.3441214,-36.4903847
146.6930403,-36.3673042
144.7601282,-37.6929586
142.370611,-38.29739989999999
150.8917867,-32.2623671
147.1162711,-35.2673237
145.2121086,-37.99847580000001
145.3250032,-37.7644192
144.9432456,-37.75542780000001
144.9164427,-37.7101815
145.3263595,-38.0825649
146.317749,-36.3718147
145.0265611,-37.6285692
145.1867011,-38.095184
151.0157075,-33.795774
144.918219,-37.659406
144.8586848,-37.765396
142.4661585,-38.3663285
144.9071875,-37.5704587
145.006507,-37.622533
143.7941922,-37.4772972
145.409636,-38.0057336
145.0215024,-37.7011732
144.6384737,-37.9035264
150.9540115,-33.8919591
145.2389979,-37.9948004
150.8611402,-32.0501415
144.5449619,-37.7028389
145.22826,-37.8078295
144.5863819,-37.71513820000001
145.3206133,-38.10771870000001
143.8599295,-37.5402112
145.4313354,-38.0619154
142.9239899,-38.2448735
145.2637982,-37.895095
145.1783116,-38.115488
145.9366262,-30.0959998
146.5510776,-38.2089284
146.0511664,-34.2893703
145.0426625,-37.7403218
144.0784624,-37.8428703
144.770472,-37.9109718
144.9746043,-37.7153976
153.4420094,-28.8452031
150.9803542,-33.8159767
143.7087653,-37.5147002
145.2414217,-38.1134499
144.5654839,-37.7071177
145.2002901,-37.9809206
145.2216053,-37.9883228
145.1588828,-37.9399582
145.2307975,-37.8916514
144.5813463,-37.4850229
145.8544002,-38.1332338
143.8399651,-37.5660012
145.0917686,-38.0099825
145.2309485,-37.8173071
144.7528325,-37.7465748
153.3392297,-29.0754292
145.0243779,-37.6210293
150.9177784,-33.8575945
148.0064111,-33.3756965
143.8334003,-37.5862231
144.358921,-36.8045909
144.8983647,-37.5369544
145.4619053,-36.3990544
144.2721731,-36.765007
148.115466,-30.0244164
144.3225502,-38.3083256
153.2754252,-28.3132302
153.2056052,-28.3528124
144.8042595,-37.7256966
145.4352639,-38.0657671
144.4222539,-37.653478
144.9763594,-37.41232290000001
149.1171856,-33.2808262
148.1730483,-33.1477472
153.2306129,-28.6013156
145.6504068,-37.7525339
144.7338047,-37.8410081
153.4584902,-28.5566213
144.9394642,-37.5947545
145.124204,-37.716918
143.7837064,-37.5437355
151.5588152,-32.7338594
145.0697186,-38.2652754
142.16345,-34.2342545
146.8812168,-35.9571651
145.122916,-38.055758
148.6365899,-32.2428952
145.4203603,-38.0722776
151.0385189,-33.770818
145.1358374,-37.9418246
145.1705051,-37.9719501
145.1015472,-38.197792
145.2960522,-38.1207107
144.6771533,-37.8348396
144.6095811,-37.8953047
144.8581461,-37.7549682
150.598852,-34.8497036
145.4203603,-38.0722776
145.9615183,-38.4706276
144.904597,-37.5990094
148.5887863,-32.2514035
149.0890932,-33.2987813
143.8236961,-37.6041378
144.351392,-36.8024006
145.9280955,-38.1571481
142.7783963,-34.5886182
144.8376956,-38.4226943
150.883914,-33.8589794
144.9595058,-37.5335173
151.002406,-33.9073272
145.1474351,-37.9397952
143.5432978,-35.346424
147.0651696,-36.88784709999999
144.3231614,-38.1803734
147.607733,-37.8202503
145.2636072,-37.9787905
152.5676339,-28.8914271
145.3102859,-37.751821
145.1918663,-37.970565
147.0397866,-38.1067515
145.0397874,-37.7672824
147.9914872,-29.4254032
151.6056562,-33.027745
144.9037911,-37.8653098
150.7056719,-34.0318418
151.6646492,-32.9535862
147.038648,-36.251207
145.1426595,-37.0318331
151.3297243,-33.623976999999996
151.5935675,-30.9759605
144.7266917,-37.717068
145.3729914,-38.0812553
145.2884148,-38.149864
145.3386309,-38.1140985
148.6955938,-33.1850575
144.8538519,-37.7864739
150.9928796,-33.7892071
151.6714753,-32.9381686
144.5673094,-38.1745264
145.1488539,-37.9673185
151.1229799,-33.8881482
150.9769239,-33.7074307
148.5786414,-29.5443848
147.3273575,-35.1251701
146.1599179,-38.2140087
149.0743589,-33.2659
143.5453777,-35.3280807
151.1302822,-33.7317333
142.6149676,-37.8828508
144.7063486,-37.5809465
144.879253,-37.623771
144.6606587,-37.85536949999999
145.0115836,-37.6824936
145.2896206,-38.1111283
151.47563,-33.2481332
151.0905129,-33.7023697
145.1633893,-37.6777701
151.1613256,-33.9184785
145.0512767,-37.8765112
151.1189752,-33.9399888
151.0845981,-33.9467438
151.3409571,-33.423519400000004
145.0023255,-37.6101575
145.0450252,-38.2196198
145.1110742,-38.1769343
145.2406378,-37.8609694
148.4763678,-31.3329189
145.2919959,-38.0089973
144.9071949,-37.52817659999999
145.1615135,-38.1168914
151.0990214,-33.8866419
145.0008454,-37.4237782
149.111754,-33.2977284
143.8043135,-37.5898479
145.088207,-37.902154
145.0403294,-37.9028898
151.2068747,-33.9070931
145.016326,-37.841479
144.8694905,-37.8435992
144.6599329,-37.8558492
144.8771833,-37.8118736
151.4742777,-33.1150036
146.1778907,-38.0750463
144.5483006,-37.7902864
151.4335627,-33.4234918
144.5683371,-37.6800605
144.871289,-37.781078
144.6111661,-37.8648342
144.639342,-37.9213046
145.2819054,-37.8010253
145.0357083,-37.88886600000001
145.0777294,-37.6499865
151.1200749,-33.773688
151.11604,-33.8716585
144.968995,-37.759021
151.3458789,-33.5126747
145.0614827,-37.8076546
151.0785698,-33.9765801
149.0762613,-33.2617311
150.7970999,-33.8034381
144.6678205,-37.7261301
150.8908552,-34.4245254
150.9385057,-33.8860305
145.2161352,-37.9816424
144.9058544,-37.5365686
150.7854709,-34.5136173
150.4613603,-35.3387825
151.1390324,-33.8290572
144.6766522,-37.8229361
151.2903774,-33.7290186
151.0438946,-33.8052551
151.2353708,-33.9794743
151.236752,-33.9351811
151.1872512,-33.8813625
151.1235652,-34.0321575
153.1236205,-30.3026819
144.2054899,-36.7433165
145.0257133,-37.8882206
150.4261848,-33.7230982
144.7443225,-37.36195
151.5287956,-32.7644184
145.3124051,-37.8000037
145.0517007,-37.9057182
144.6486165,-37.8883946
145.2460984,-37.8540255
151.86594,-32.7398027
150.5781226,-34.2040477
144.6297609,-37.7129914
151.6630739,-32.7912359
151.1903929,-33.9036246
151.2078413,-33.9161883
151.1242314,-33.9601903
145.0377535,-37.8893949
148.1702302,-33.1273249
151.0166398,-33.8080167
148.6320337,-32.274279
145.0425979,-37.7164083
150.8364223,-34.5683694
150.9215758,-33.8572316
145.0050228,-37.6211727
145.2484941,-37.9700472
150.906601,-33.6242353
150.2039593,-35.7429807
149.570831,-33.4333592
151.1958251,-33.9009195
151.1857323,-33.9235476
150.834833,-34.5652841
150.7679094,-34.0256149
145.311064,-37.985688
150.4600028,-35.3457761
145.2969412,-38.006481
145.0616123,-37.7441
145.0203731,-37.8528306
150.7237624,-33.7555102
151.0820275,-33.9069921
145.3422111,-38.0950198
145.265849,-38.1089758
145.272137,-38.00128
150.8541175,-33.7868757
150.9940391,-33.747412
150.9959489,-33.729636
145.0027095,-37.6182352
144.3034511,-38.2049346
145.048965,-37.87589699999999
145.0355359,-38.2363543
149.5433992,-33.3790118
151.0000869,-33.7648252
150.7720951,-34.020994
144.6150218,-37.872053
145.2110333,-38.0800125
151.6726865,-33.0101436
144.2336808,-36.7870242
150.8872918,-33.7010671
144.923129,-37.7077653
150.9464158,-33.7863949
144.7474684,-37.7581223
149.4501257,-35.5853893
153.5306598,-28.6863672
147.2167993,-34.3474784
143.8426191,-37.5780644
144.9425769,-37.5994209
150.915646,-33.6816717
153.5228326,-28.6838188
150.6052639,-33.889681
145.0582312,-37.74334040000001
145.0816045,-37.6558077
147.0063944,-36.0442294
151.0997859,-33.9127572
150.8846042,-33.857139
143.1474863,-38.2359866
145.0857887,-37.7306065
144.3426265,-38.1301028
150.8654005,-33.86972009999999
144.2941678,-36.7518831
150.8748119,-33.7059656
150.9263253,-33.7783594
145.3666235,-37.85475599999999
150.9526208,-33.9315532
144.95535,-37.8185707
145.7193862,-38.0962351
151.0975199,-34.0384013
142.853341,-35.509207
145.0455698,-37.6948507
151.0354231,-34.0209662
149.232543,-35.3701766
150.7890128,-34.2043845
142.4750083,-38.3746591
151.010887,-33.9289929
145.0610309,-37.7304675
145.0551448,-37.9134391
145.1113247,-37.8360815
145.3317565,-38.1220092
142.5682987,-33.3824207
144.7115594,-37.576873
144.9348586,-37.5990828
147.6303322,-37.8143924
145.0448372,-37.7511275
153.3166394,-28.8172444
147.2030331,-34.8225279
151.099886,-33.7361195
144.9644307,-37.8000106
144.9662626,-37.810445
145.0053782,-37.8842525
145.1080622,-37.8671309
150.8848572,-33.8959192
144.3460511,-38.11190819999999
151.0057256,-33.9188318
144.6319034,-37.9196737
145.264418,-37.988902
152.935992,-29.7174477
144.9002228,-37.8054208
144.5567771,-37.7012984
150.8201896,-33.6965717
145.4561178,-38.0599625
151.1922588,-33.822867
151.1766167,-33.90648230000001
151.6249605,-32.7653988
151.1549018,-33.9009896
147.3507953,-35.07437609999999
145.0260595,-37.9210827
151.2098841,-33.8815688
145.1169178,-37.7881711
144.6054682,-37.50476
144.5634713,-37.7013728
150.7639489,-34.4733505
151.5177459,-32.7013489
150.8170979,-33.7620239
144.9598499,-37.7711452
150.9791254,-33.8126199
151.2074749,-33.8222349
145.2996407,-37.7946081
144.8937961,-37.598494
151.1889515,-33.8922695
143.8394772,-37.5824321
144.8462137,-37.8416582
145.277788,-37.9853191
149.0902043,-33.3174257
150.9225917,-31.1268591
145.2510851,-38.457694
144.455,-37.2485971
145.0112928,-38.2694114
145.005629,-37.6055667
150.9183279,-33.7189513
144.335075,-38.13524049999999
151.1016151,-33.8913777
149.0925615,-33.2841477
144.9321921,-37.6659905
150.9463477,-33.7921079
150.9608036,-33.697335
151.02485,-33.8621369
150.9405066,-33.8345435
145.1532193,-37.9828316
151.6485819,-32.804155
144.9329477,-37.63247399999999
145.5707526,-35.8152668
144.6472433,-37.8544212
144.7242566,-37.8293585
150.6826397,-33.7644573
153.3463691,-28.81956629999999
153.3997651,-28.3401191
144.8000363,-37.7815382
151.1663784,-33.8160774
153.2908511,-28.8144368
145.4034734,-38.0693247
149.1018403,-33.2494716
143.6604876,-38.7514641
150.8545395,-33.9184434
151.275872,-33.731942600000004
145.2555954,-38.0298034
150.9244537,-33.8809763
144.7714593,-37.77066689999999
150.7256739,-33.7482131
145.1429509,-38.1101601
144.7267887,-37.8271753
144.9277414,-37.6208946
145.027721,-37.6113439
144.6991215,-37.71797530000001
150.842719,-33.9391938
144.7584304,-37.9104475
153.2724765,-28.8210609
150.8950811,-33.8559969
144.9208822,-37.7174412
144.9514121,-36.2545934
145.1578265,-38.1130428
145.00456,-37.8821
150.956444,-33.868879
151.4773656,-33.2519908
144.9974584,-37.8911924
144.9088394,-37.7528243
145.0917686,-38.0099825
150.245712,-30.9733905
144.4626217,-37.2488013
151.4810575,-32.8204612
145.2369208,-37.9129133
144.923129,-37.7077653
150.2473621,-30.9906205
147.5709861,-34.8735583
151.0684928,-33.9180386
145.3426522,-38.0892149
144.9910125,-37.5391235
145.1388099,-37.7861617
145.2735347,-38.07483209999999
145.3190889,-37.9776138
150.977695,-33.912321
144.8619274,-37.7663284
149.7519818,-37.5603584
151.6928469,-32.9622419
145.722918,-35.3558693
145.0001935,-37.8113906
150.7122007,-33.7422632
150.7412043,-34.0384389
145.2496165,-37.8896518
145.189656,-38.1704104
151.1424777,-33.7976676
142.3999405,-36.2446749
150.8806574,-33.9179398
148.6255123,-32.2574039
146.9445144,-36.0431645
150.9300523,-33.738256
144.5917508,-37.4625519
144.897751,-37.7458768
145.1086959,-37.80106
150.8127933,-33.7806597
153.5577259,-28.2335079
151.1046638,-29.7667372
150.8641842,-33.6851501
144.7620245,-37.72141
145.4058519,-38.0573127
150.9543028,-33.804892100000004
152.8951494,-31.4434792
150.9715822,-33.7118499
144.9990439,-37.8274398
145.2032441,-37.9757029
145.1748827,-37.774942
145.1241252,-37.8807195
144.9218927,-37.7535943
145.0528475,-37.9073301
147.2271497,-33.9246719
144.9900139,-37.7441561
151.2295533,-33.9202029
151.088143,-33.725117
144.7879447,-37.7583838
145.7712793,-38.1139865
150.9468704,-33.8086333
145.1093503,-37.8778652
151.0730698,-34.0326767
150.9932434,-33.7546211
150.9930843,-33.7947121
146.2023316,-38.6577247
150.9200305,-33.7813938
143.5573397,-35.3379122
146.9945048,-36.0437667
NA,NA
150.9793266,-33.7970928
145.1256487,-37.894821
151.0808142,-33.870231
145.0679873,-37.9807957
144.6906615,-37.7665946
145.1957543,-38.1524888
150.7882334,-34.5001238
147.3691195,-35.1107892
144.5774602,-37.6811812
150.6572713,-33.8069348
144.6441812,-37.886758
144.7113879,-37.8223984
151.4317746,-33.4243358
144.6482528,-37.8275071
151.1138784,-33.7281063
145.3947385,-37.7975734
145.0262356,-37.724435
148.3692741,-33.423088
148.644601,-32.263018
145.222026,-37.9457993
145.2358687,-37.9278891
144.985897,-37.8403257
145.1527113,-36.7813401
145.2528159,-37.9193259
145.0404244,-37.7553949
145.1329922,-38.1244035
144.2782098,-36.7286359
144.6289645,-37.714435
145.1735793,-37.8005754
145.1810978,-37.8002218
150.5920322,-34.5859746
145.1922394,-37.6381111
144.5828715,-37.8666144
146.4237837,-38.227236
145.8715362,-38.08751669999999
144.951245,-37.7985969
144.90226,-37.7551838
145.0651737,-37.9020974
145.0262723,-37.6708132
144.7758706,-37.7372297
145.3698815,-38.1222475
145.3357555,-37.7555736
145.4078196,-36.3919447
145.4029977,-36.3556729
145.0542028,-37.642565
145.0220153,-37.7195517
145.0659116,-37.8913906
143.150879,-38.2404921
144.9936309,-37.598579
145.356727,-38.513108
144.680918,-37.8254423
145.2419972,-37.9319626
145.1066959,-37.8632068
152.934337,-29.6747454
